Workbook

Sheet Side by side
A1: The two teams, counted the same way
A2: The counts are formulas. Change a number on either team’s sheet and watch these move.
A4: Rating | B4: Comet | C4: Nebula | E4: Won out of 3 | F4: Comet | G4: Nebula
A5: 1 | B5: =COUNTIF('Team Comet'!E5:E19,1) -> 0 | C5: =COUNTIF('Team Nebula'!E5:E14,1) -> 1 | E5: 0 | F5: =COUNTIF('Team Comet'!C5:C19,0) -> 4 | G5: =COUNTIF('Team Nebula'!C5:C14,0) -> 6
A6: 2 | B6: =COUNTIF('Team Comet'!E5:E19,2) -> 2 | C6: =COUNTIF('Team Nebula'!E5:E14,2) -> 4 | E6: 1 | F6: =COUNTIF('Team Comet'!C5:C19,1) -> 5 | G6: =COUNTIF('Team Nebula'!C5:C14,1) -> 3
A7: 3 | B7: =COUNTIF('Team Comet'!E5:E19,3) -> 6 | C7: =COUNTIF('Team Nebula'!E5:E14,3) -> 3 | E7: 2 | F7: =COUNTIF('Team Comet'!C5:C19,2) -> 4 | G7: =COUNTIF('Team Nebula'!C5:C14,2) -> 1
A8: 4 | B8: =COUNTIF('Team Comet'!E5:E19,4) -> 5 | C8: =COUNTIF('Team Nebula'!E5:E14,4) -> 2 | E8: 3 | F8: =COUNTIF('Team Comet'!C5:C19,3) -> 1 | G8: =COUNTIF('Team Nebula'!C5:C14,3) -> 0
A11: How many buddies gave each answer, out of how many | B11: Comet | C11: Nebula | E11: The two teams did not have the same number of buddies, so the raw counts are not a fair comparison on their own. The percentage rows are. Look at the gap between the two ways of reading it.
A12: Buddies with a rating | B12: =SUM(B5:B8) -> 13 | C12: =SUM(C5:C8) -> 10
A13: Gave a 3 or a 4 | B13: =B7+B8 -> 11 | C13: =C7+C8 -> 5
A14: …as a fraction of their buddies | B14: =IF(B12=0,"",B13/B12) -> 0.84615385 | C14: =IF(C12=0,"",C13/C12) -> 0.5
A15: Buddies with a wins number | B15: =SUM(F5:F8) -> 14 | C15: =SUM(G5:G8) -> 10
A16: Won at least one turn | B16: =F6+F7+F8 -> 10 | C16: =G6+G7+G8 -> 4
A17: …as a fraction of their buddies | B17: =IF(B15=0,"",B16/B15) -> 0.71428571 | C17: =IF(C15=0,"",C16/C15) -> 0.4

Sheet Team Comet
A1: Team Comet — cleaned data
A2: Treasure Bag · 15 buddies · two visits were not timed or rated
A4: Buddy | B4: Outcome of first turn | C4: Won out of 3 | D4: Seconds | E4: Liked it (1–4)
A5: Ava | B5: Gold | C5: 1 | D5: 38 | E5: 4
A6: Noah | B6: Blue | C6: 0 | D6: 42 | E6: 3
A7: Mia | B7: Silver | C7: 2 | D7: 35 | E7: 4
A8: Liam | B8: Gold | C8: 1 | D8: 40 | E8: 3
A9: Zoe | B9: Blue | D9: 44 | E9: 2
A10: Ethan | B10: Silver | C10: 0 | E10: 3
A11: Isla | B11: Gold | C11: 2 | D11: 39
A12: Jack | B12: Blue | C12: 1 | D12: 40 | E12: 4
A13: Harper | B13: Silver | C13: 1 | D13: 41 | E13: 3
A14: Oliver | B14: Gold | C14: 3 | D14: 33 | E14: 4
A15: Chloe | B15: Blue | C15: 0
A16: Lucas | B16: Silver | C16: 2 | D16: 37 | E16: 3
A17: Ruby | B17: Gold | C17: 1 | D17: 36 | E17: 4
A18: Grace | B18: Blue | C18: 0 | D18: 43 | E18: 2
A19: Max | B19: Gold | C19: 2 | D19: 34 | E19: 3

Sheet Team Nebula
A1: Team Nebula — cleaned data
A2: Lucky Dip · 10 buddies · one gold token in a bag of eight
A4: Buddy | B4: Outcome of first turn | C4: Won out of 3 | D4: Seconds | E4: Liked it (1–4)
A5: Finn | B5: Blank | C5: 0 | D5: 28 | E5: 2
A6: Aria | B6: Blank | C6: 1 | D6: 31 | E6: 3
A7: Hugo | B7: Token | C7: 1 | D7: 35 | E7: 4
A8: Lily | B8: Blank | C8: 0 | D8: 26 | E8: 2
A9: Theo | B9: Blank | C9: 0 | D9: 30 | E9: 1
A10: Nina | B10: Blank | C10: 0 | D10: 33 | E10: 3
A11: Kai | B11: Token | C11: 2 | D11: 38 | E11: 4
A12: Rosie | B12: Blank | C12: 0 | D12: 27 | E12: 2
A13: Sam | B13: Blank | C13: 1 | D13: 32 | E13: 3
A14: Jade | B14: Blank | C14: 0 | D14: 29 | E14: 2
