Workbook

Sheet Visit times
A1: Every visit, in seconds
A2: Comet has 13 times and twelve of them are different from each other. That is the problem this lesson solves.
A4: Comet | B4: Nebula | D4: What a graph of these would look like
A5: 33 | B5: 26 | D5: How many Comet times | E5: =COUNT(A5:A20) -> 13
A6: 34 | B6: 27 | D6: How many different values | E6: =SUMPRODUCT((A5:A17<>"")/COUNTIF(A5:A17,A5:A17&"")) -> 12
A7: 35 | B7: 28 | D7: Shortest | E7: =MIN(A5:A20) -> 33
A8: 36 | B8: 29 | D8: Longest | E8: =MAX(A5:A20) -> 44
A9: 37 | B9: 30 | D9: Range | E9: =MAX(A5:A20)-MIN(A5:A20) -> 11
A10: 38 | B10: 31
A11: 39 | B11: 32 | D11: Thirteen times, twelve of them different. A column graph of the raw values would have twelve bars, almost all of them one high, and it would show nothing at all. Measurements are like that: no two are ever quite the same.
A12: 40 | B12: 33
A13: 40 | B13: 35
A14: 41 | B14: 38
A15: 42
A16: 43
A17: 44

Sheet Grouping
A1: The same times, in groups of four seconds
A2: Equal width, no gaps, no overlaps. The counts are formulas — click one and read the formula bar.
A4: Group (seconds) | B4: From | C4: To | D4: Comet | E4: Nebula | G4: Change a "From" or a "To" and watch the counts move. Try groups of 2 seconds, then groups of 10. One gives you almost as many bars as values; the other puts nearly everybody in one bar. Four or five groups is usually the sweet spot.
A5: 26 to 29 | B5: 26 | C5: 29 | D5: =COUNTIFS('Visit times'!$A$5:$A$20,">="&B5,'Visit times'!$A$5:$A$20,"<="&C5) -> 0 | E5: =COUNTIFS('Visit times'!$B$5:$B$20,">="&B5,'Visit times'!$B$5:$B$20,"<="&C5) -> 4
A6: 30 to 33 | B6: 30 | C6: 33 | D6: =COUNTIFS('Visit times'!$A$5:$A$20,">="&B6,'Visit times'!$A$5:$A$20,"<="&C6) -> 1 | E6: =COUNTIFS('Visit times'!$B$5:$B$20,">="&B6,'Visit times'!$B$5:$B$20,"<="&C6) -> 4
A7: 34 to 37 | B7: 34 | C7: 37 | D7: =COUNTIFS('Visit times'!$A$5:$A$20,">="&B7,'Visit times'!$A$5:$A$20,"<="&C7) -> 4 | E7: =COUNTIFS('Visit times'!$B$5:$B$20,">="&B7,'Visit times'!$B$5:$B$20,"<="&C7) -> 1
A8: 38 to 41 | B8: 38 | C8: 41 | D8: =COUNTIFS('Visit times'!$A$5:$A$20,">="&B8,'Visit times'!$A$5:$A$20,"<="&C8) -> 5 | E8: =COUNTIFS('Visit times'!$B$5:$B$20,">="&B8,'Visit times'!$B$5:$B$20,"<="&C8) -> 1
A9: 42 to 45 | B9: 42 | C9: 45 | D9: =COUNTIFS('Visit times'!$A$5:$A$20,">="&B9,'Visit times'!$A$5:$A$20,"<="&C9) -> 3 | E9: =COUNTIFS('Visit times'!$B$5:$B$20,">="&B9,'Visit times'!$B$5:$B$20,"<="&C9) -> 0
A10: Total | D10: =SUM(D5:D9) -> 13 | E10: =SUM(E5:E9) -> 10

Sheet Ruler drop
A1: Spare data — the ruler drop
A2: Twenty-eight Year 6 students caught a dropped ruler. The distance it fell, in centimetres. Use this if your own times are too thin to group.
A4: Student | B4: Centimetres | D4: Your groups
A5: 1 | B5: 10.4 | D5: From | E5: To | F5: How many
A6: 2 | B6: 10.7 | F6: =IF(OR(D6="",E6=""),"",COUNTIFS($B$5:$B$32,">="&D6,$B$5:$B$32,"<="&E6))
A7: 3 | B7: 11 | F7: =IF(OR(D7="",E7=""),"",COUNTIFS($B$5:$B$32,">="&D7,$B$5:$B$32,"<="&E7))
A8: 4 | B8: 11.2 | F8: =IF(OR(D8="",E8=""),"",COUNTIFS($B$5:$B$32,">="&D8,$B$5:$B$32,"<="&E8))
A9: 5 | B9: 11.2 | F9: =IF(OR(D9="",E9=""),"",COUNTIFS($B$5:$B$32,">="&D9,$B$5:$B$32,"<="&E9))
A10: 6 | B10: 11.3 | F10: =IF(OR(D10="",E10=""),"",COUNTIFS($B$5:$B$32,">="&D10,$B$5:$B$32,"<="&E10))
A11: 7 | B11: 11.6 | F11: =IF(OR(D11="",E11=""),"",COUNTIFS($B$5:$B$32,">="&D11,$B$5:$B$32,"<="&E11))
A12: 8 | B12: 11.7 | F12: =IF(OR(D12="",E12=""),"",COUNTIFS($B$5:$B$32,">="&D12,$B$5:$B$32,"<="&E12))
A13: 9 | B13: 12.1 | F13: =IF(COUNT(F6:F12)=0,"",SUM(F6:F12))
A14: 10 | B14: 12.3 | D14: Type your own From and To values and the counts appear. They must be equal width and they must not overlap. When the counts add to 28, your groups cover everybody exactly once.
A15: 11 | B15: 12.4
A16: 12 | B16: 12.9
A17: 13 | B17: 13.1
A18: 14 | B18: 13.6
A19: 15 | B19: 13.9
A20: 16 | B20: 14.2
A21: 17 | B21: 14.8
A22: 18 | B22: 15.2
A23: 19 | B23: 15.5
A24: 20 | B24: 15.9
A25: 21 | B25: 15.9
A26: 22 | B26: 16.5
... A32: 28 | B32: 25.1
